adduser	3.153ubuntu1
apache2	2.4.66-2ubuntu2.4
apache2-bin	2.4.66-2ubuntu2.4
apache2-data	2.4.66-2ubuntu2.4
apache2-utils	2.4.66-2ubuntu2.4
apt	3.2.0
base-files	14ubuntu6.1
base-passwd	3.6.8
bash	5.3-2ubuntu1
bsdutils	1:2.41.3-3ubuntu2
ca-certificates	20260601~26.04.1
coreutils	9.5-1ubuntu2+0.0.0~ubuntu25
coreutils-from-uutils	0.0.0~ubuntu25
cron	3.0pl1-200ubuntu1
cron-daemon-common	3.0pl1-200ubuntu1
curl	8.18.0-1ubuntu2.7
dash	0.5.12-12ubuntu3
debconf	1.5.92
debianutils	5.23.2build1
dictionaries-common	1.31.4
diffutils	1:3.12-1
dirmngr	2.4.8-4ubuntu3.1
dpkg	1.23.7ubuntu1
e2fsprogs	1.47.2-3ubuntu4
ed	1.22.4-1
emacsen-common	3.0.8build1
findutils	4.10.0-3build2
fontconfig-config	2.17.1-3ubuntu1
fonts-dejavu-core	2.37-8build1
fonts-dejavu-mono	2.37-8build1
gcc-16-base:arm64	16-20260322-1ubuntu1
gnu-coreutils	9.7-3ubuntu2
gnupg	2.4.8-4ubuntu3.1
gpg	2.4.8-4ubuntu3.1
gpg-agent	2.4.8-4ubuntu3.1
gpgconf	2.4.8-4ubuntu3.1
gpgsm	2.4.8-4ubuntu3.1
gpgv	2.4.8-4ubuntu3
grep	3.12-1
gzip	1.14-1~exp2ubuntu1.1
hostname	3.25build1
hunspell-en-us	1:2020.12.07-4build1
imagemagick-7-common	8:7.1.2.18+dfsg1-1
init-system-helpers	1.69
libacl1:arm64	2.3.2-2
libaom3:arm64	3.13.1-2
libapr1t64:arm64	1.7.6-3
libaprutil1-dbd-sqlite3:arm64	1.6.3-3ubuntu3.1
libaprutil1-ldap:arm64	1.6.3-3ubuntu3.1
libaprutil1t64:arm64	1.6.3-3ubuntu3.1
libapt-pkg7.0:arm64	3.2.0
libargon2-1:arm64	0~20190702+dfsg-5
libaspell15:arm64	0.60.8.2-3
libassuan9:arm64	3.0.2-2build1
libatomic1:arm64	16-20260322-1ubuntu1
libattr1:arm64	1:2.5.2-4
libaudit-common	1:4.1.2-1build1
libaudit1:arm64	1:4.1.2-1build1
libblkid1:arm64	2.41.3-3ubuntu2
libbrotli1:arm64	1.2.0-3build1
libbsd0:arm64	0.12.2-2build2
libbz2-1.0:arm64	1.0.8-6build2
libc-bin	2.43-2ubuntu2.3
libc-gconv-modules-extra:arm64	2.43-2ubuntu2.3
libc6:arm64	2.43-2ubuntu2.3
libcap-ng0:arm64	0.8.5-4build5
libcom-err2:arm64	1.47.2-3ubuntu4
libcrypt1:arm64	1:4.5.1-1
libcurl4t64:arm64	8.18.0-1ubuntu2.7
libdb5.3t64:arm64	5.3.28+dfsg2-10ubuntu1
libdebconfclient0:arm64	0.280ubuntu1
libdeflate0:arm64	1.23-2ubuntu1
libdrm-amdgpu1:arm64	2.4.131-1
libdrm-common	2.4.131-1
libdrm2:arm64	2.4.131-1
libedit2:arm64	3.1-20251016-1
libelf1t64:arm64	0.194-4
libenchant-2-2:arm64	2.8.2+dfsg1-3build1
libevent-2.1-7t64:arm64	2.1.12-stable-10ubuntu0.2
libexpat1:arm64	2.7.4-1
libext2fs2t64:arm64	1.47.2-3ubuntu4
libffi8:arm64	3.5.2-4
libfftw3-double3:arm64	3.3.10-2fakesync1build3
libfontconfig1:arm64	2.17.1-3ubuntu1
libfreetype6:arm64	2.14.2+dfsg-1ubuntu0.1
libgbm1:arm64	26.0.8-1ubuntu0.3
libgcc-s1:arm64	16-20260322-1ubuntu1
libgcrypt20:arm64	1.12.0-2ubuntu1
libgdbm-compat4t64:arm64	1.26-1build1
libgdbm6t64:arm64	1.26-1build1
libgif7:arm64	5.2.2-1ubuntu3.2
libgl1:arm64	1.7.0-3
libgl1-mesa-dri:arm64	26.0.8-1ubuntu0.3
libglib2.0-0t64:arm64	2.88.0-1
libglut3.12:arm64	3.4.0-6
libglvnd0:arm64	1.7.0-3
libglx-mesa0:arm64	26.0.8-1ubuntu0.3
libglx0:arm64	1.7.0-3
libgmp10:arm64	2:6.3.0+dfsg-5ubuntu2
libgnutls30t64:arm64	3.8.12-2ubuntu1.1
libgomp1:arm64	16-20260322-1ubuntu1
libgoogle-perftools4t64:arm64	2.18.1-1
libgpg-error0:arm64	1.58-2
libgssapi-krb5-2:arm64	1.22.1-2ubuntu4.1
libhashkit2t64:arm64	1.1.4-1.1build5
libheif-plugin-aomdec:arm64	1.21.2-3ubuntu0.4
libheif1:arm64	1.21.2-3ubuntu0.4
libhogweed6t64:arm64	3.10.2-1
libhunspell-1.7-0:arm64	1.7.2+really1.7.2-11
libicu78:arm64	78.2-2ubuntu1
libidn2-0:arm64	2.3.8-4build1
libjansson4:arm64	2.14-2build4
libjbig0:arm64	2.1-6.1ubuntu3
libjemalloc2:arm64	5.3.0-4
libjpeg-turbo8:arm64	2.1.5-4ubuntu4
libjpeg8:arm64	8c-2ubuntu12
libk5crypto3:arm64	1.22.1-2ubuntu4.1
libkeyutils1:arm64	1.6.3-6ubuntu3
libkrb5-3:arm64	1.22.1-2ubuntu4.1
libkrb5support0:arm64	1.22.1-2ubuntu4.1
libksba8:arm64	1.6.7-2build1
liblcms2-2:arm64	2.17-1ubuntu0.2
libldap-common	2.6.10+dfsg-1ubuntu5
libldap2:arm64	2.6.10+dfsg-1ubuntu5
liblerc4:arm64	4.0.0+ds-5ubuntu2
libllvm21:arm64	1:21.1.8-6ubuntu1
liblqr-1-0:arm64	0.4.2-2.2
libltdl7:arm64	2.5.4-9
liblua5.4-0:arm64	5.4.8-1build1
liblz4-1:arm64	1.10.0-8
liblzf1:arm64	3.6-4build1
liblzma5:arm64	5.8.3-1
libmagic-mgc	1:5.46-5build2
libmagic1t64:arm64	1:5.46-5build2
libmagickcore-7.q16-10:arm64	8:7.1.2.18+dfsg1-1
libmagickwand-7.q16-10:arm64	8:7.1.2.18+dfsg1-1
libmariadb3:arm64	1:11.8.6-5ubuntu0.1
libmd0:arm64	1.1.0-2build4
libmemcached11t64:arm64	1.1.4-1.1build5
libmount1:arm64	2.41.3-3ubuntu2
libncurses6:arm64	6.6+20251231-1
libncursesw6:arm64	6.6+20251231-1
libnettle8t64:arm64	3.10.2-1
libnghttp2-14:arm64	1.68.0-2ubuntu0.2
libnpth0t64:arm64	1.8-3build1
libonig5:arm64	6.9.10-1build1
libopengl0:arm64	1.7.0-3
libopenjp2-7:arm64	2.5.4-1ubuntu0.1
libp11-kit0:arm64	0.26.2-2
libpam-modules:arm64	1.7.0-5ubuntu3.1
libpam-modules-bin	1.7.0-5ubuntu3.1
libpam-runtime	1.7.0-5ubuntu3.1
libpam0g:arm64	1.7.0-5ubuntu3.1
libpcre2-8-0:arm64	10.46-1build1
libpcre2-posix3:arm64	10.46-1build1
libperl5.40:arm64	5.40.1-7ubuntu0.3
libpng16-16t64:arm64	1.6.57-1
libpopt0:arm64	1.19+dfsg-2build1
libproc2-0:arm64	2:4.0.4-9ubuntu1
libpsl5t64:arm64	0.21.2-1.1build2
libpython3-stdlib:arm64	3.14.3-0ubuntu2
libpython3.14-minimal:arm64	3.14.4-1ubuntu0.2
libpython3.14-stdlib:arm64	3.14.4-1ubuntu0.2
libraw23t64:arm64	0.21.5b-1ubuntu1.1
libreadline8t64:arm64	8.3-4
librtmp1:arm64	2.4+20151223.gitfa8646d.1-3
libsasl2-2:arm64	2.1.28+dfsg1-9ubuntu3
libsasl2-modules-db:arm64	2.1.28+dfsg1-9ubuntu3
libseccomp2:arm64	2.6.0-2ubuntu5
libselinux1:arm64	3.9-4build1
libsemanage-common	3.9-1build1
libsemanage2:arm64	3.9-1build1
libsensors-config	1:3.6.2-2build1
libsensors5:arm64	1:3.6.2-2build1
libsepol2:arm64	3.9-2
libsharpyuv0:arm64	1.5.0-0.1build1
libsmartcols1:arm64	2.41.3-3ubuntu2
libsodium23:arm64	1.0.18-2
libsqlite3-0:arm64	3.46.1-9ubuntu0.3
libss2:arm64	1.47.2-3ubuntu4
libssh2-1t64:arm64	1.11.1-1ubuntu0.26.04.3
libssl3t64:arm64	3.5.5-1ubuntu3.5
libstdc++6:arm64	16-20260322-1ubuntu1
libsystemd-shared:arm64	259.5-0ubuntu3.4
libsystemd0:arm64	259.5-0ubuntu3.4
libtasn1-6:arm64	4.21.0-2
libtcmalloc-minimal4t64:arm64	2.18.1-1
libtext-charwidth-perl:arm64	0.04-11build4
libtext-iconv-perl:arm64	1.7-8.1
libtext-wrapi18n-perl	0.06-10
libtiff6:arm64	4.7.0-3ubuntu5
libtinfo6:arm64	6.6+20251231-1
libudev1:arm64	259.5-0ubuntu3.4
libunistring5:arm64	1.3-2build1
libuuid1:arm64	2.41.3-3ubuntu2
libvulkan1:arm64	1.4.341.0-1
libwebp7:arm64	1.5.0-0.1build1
libwebpdemux2:arm64	1.5.0-0.1build1
libwebpmux3:arm64	1.5.0-0.1build1
libwrap0:arm64	7.6.q-36build2
libx11-6:arm64	2:1.8.13-1
libx11-data	2:1.8.13-1
libx11-xcb1:arm64	2:1.8.13-1
libxau6:arm64	1:1.0.11-1build2
libxcb-dri3-0:arm64	1.17.0-2ubuntu1
libxcb-glx0:arm64	1.17.0-2ubuntu1
libxcb-present0:arm64	1.17.0-2ubuntu1
libxcb-randr0:arm64	1.17.0-2ubuntu1
libxcb-shm0:arm64	1.17.0-2ubuntu1
libxcb-sync1:arm64	1.17.0-2ubuntu1
libxcb-xfixes0:arm64	1.17.0-2ubuntu1
libxcb1:arm64	1.17.0-2ubuntu1
libxdmcp6:arm64	1:1.1.5-2
libxext6:arm64	2:1.3.4-1build3
libxi6:arm64	2:1.8.2-2
libxml2-16:arm64	2.15.2+dfsg-0.1ubuntu0.1
libxpm4:arm64	1:3.5.17-1ubuntu0.26.04.1
libxshmfence1:arm64	1.3.3-1build1
libxslt1.1:arm64	1.1.45-0.1
libxxf86vm1:arm64	1:1.1.4-2
libxxhash0:arm64	0.8.3-2build1
libzip5:arm64	1.11.4-2
libzstd1:arm64	1.5.7+dfsg-3
login	1:4.16.0-2+really2.41.3-3ubuntu2
login.defs	1:4.17.4-2ubuntu3
logrotate	3.22.0-1build1
logsave	1.47.2-3ubuntu4
lsphp82	8.2.33-1+resolute
lsphp82-common	8.2.33-1+resolute
lsphp82-curl	8.2.33-1+resolute
lsphp82-igbinary	3.2.16-1+resolute
lsphp82-imagick	3.8.1-1+resolute
lsphp82-intl	8.2.33-1+resolute
lsphp82-memcached	3.4.0-1+resolute
lsphp82-msgpack	3.0.1-1+resolute
lsphp82-mysql	8.2.33-1+resolute
lsphp82-opcache	8.2.33-1+resolute
lsphp82-redis	6.3.0-1+resolute
lsphp85	8.5.10-1+resolute
lsphp85-apcu	5.1.28-2+resolute
lsphp85-common	8.5.10-1+resolute
lsphp85-igbinary	3.2.16-1+resolute
lsphp85-memcached	3.4.0-1+resolute
lsphp85-msgpack	3.0.1-1+resolute
lsphp85-mysql	8.5.10-1+resolute
lsphp85-redis	6.3.0-1+resolute
mariadb-client	1:11.8.6-5ubuntu0.1
mariadb-client-core	1:11.8.6-5ubuntu0.1
mariadb-common	1:11.8.6-5ubuntu0.1
mawk	1.3.4.20260129-1
media-types	14.0.0build1
memcached	1.6.40-1ubuntu0.3
mesa-libgallium:arm64	26.0.8-1ubuntu0.3
mount	2.41.3-3ubuntu2
mysql-common	5.8+1.1.1ubuntu2
ncurses-base	6.6+20251231-1
ncurses-bin	6.6+20251231-1
netbase	6.5build1
netcat-openbsd	1.234-1
nginx	1.28.3-2ubuntu1.11
nginx-common	1.28.3-2ubuntu1.11
openssl	3.5.5-1ubuntu3.5
openssl-provider-legacy	3.5.5-1ubuntu3.5
passwd	1:4.17.4-2ubuntu3
perl	5.40.1-7ubuntu0.3
perl-base	5.40.1-7ubuntu0.3
perl-modules-5.40	5.40.1-7ubuntu0.3
pinentry-curses	1.3.2-3ubuntu1
procps	2:4.0.4-9ubuntu1
python3	3.14.3-0ubuntu2
python3-minimal	3.14.3-0ubuntu2
python3.14	3.14.4-1ubuntu0.2
python3.14-minimal	3.14.4-1ubuntu0.2
readline-common	8.3-4
redis-server	5:8.0.5-1
redis-tools	5:8.0.5-1
rust-coreutils	0.8.0-0ubuntu3
sed	4.9-2ubuntu1
sensible-utils	0.0.26build1
socat	1.8.1.1-1ubuntu0.1
supervisor	4.3.0-1
systemd	259.5-0ubuntu3.4
sysvinit-utils	3.15-5ubuntu1
tar	1.35+dfsg-4ubuntu0.4
tzdata	2026c-0ubuntu0.26.04.1
ubuntu-keyring	2023.11.28.1build1
ucf	3.0052ubuntu1
unzip	6.0-29ubuntu1
util-linux	2.41.3-3ubuntu2
webp	1.5.0-0.1build1
wget	1.25.0-2ubuntu4.4
zlib1g:arm64	1:1.3.dfsg+really1.3.1-1ubuntu3
